id,subject,body,text,category,category_id,accepted,reason
promotions_801,Early access: Holiday deals start now,"Hello valued member, enjoy Buy one get one free. Shop now: example.com/9547 Expires {date}.","Early access: Holiday deals start now Hello valued member, enjoy Buy one get one free. Shop now: example.com/9547 Expires {date}.",updates,4,false,"This email is promotional because it advertises a holiday sale with “buy one get one free” and urges the recipient to shop now. The correct classification is promotions, not updates."
spam_2178,Refund confirmation #RP-3344,Your package couldn't be delivered. Tracking# ZX-902. Update now: scam-delivery.com Do not ignore!,Refund confirmation #RP-3344 Your package couldn't be delivered. Tracking# ZX-902. Update now: scam-delivery.com Do not ignore!,spam,3,true,"This email is spam because it uses a fake delivery/refund notice with urgent language to pressure the recipient into clicking a suspicious link. The mismatch between the subject and body, plus the generic tracking message and “Do not ignore!” phrasing, are common phishing indicators."
updates_1429,"Scheduled maintenance: Aug 15, 2-4AM PST",Confirm/cancel: company.com/updates Email (same building).,"Scheduled maintenance: Aug 15, 2-4AM PST Confirm/cancel: company.com/updates Email (same building).",forum,0,false,"This email is not a forum message because it announces a scheduled maintenance event and provides a confirm/cancel update link, rather than containing a discussion thread or group conversation. The correct classification is updates."
social_media_640,Your post is featured on #FoodChallenge,"Sarah: ""Check this out"" Lisa: ""Weather looks great!"" Reply: platform.com/messages/group.","Your post is featured on #FoodChallenge Sarah: ""Check this out"" Lisa: ""Weather looks great!"" Reply: platform.com/messages/group.",promotions,1,false,"This email is a social media notification because it highlights activity around a post and includes comments/replies from other users. It should be classified as social_media, not promotions, since it is about user interaction rather than marketing or advertising."
verify_code_214,Email Change Token: 778866,Confirm new email address. Valid 30 min.,Email Change Token: 778866 Confirm new email address. Valid 30 min.,promotions,1,false,This email is not promotional; it contains a one-time token to confirm an email address change and is valid for 30 minutes. The correct classification is verify_code.
promotions_303,Special offer just for you,Celebrate with 30% off entire purchase. Valid 72: example.com/6250 Code: VIP25.,Special offer just for you Celebrate with 30% off entire purchase. Valid 72: example.com/6250 Code: VIP25.,verify_code,5,false,"This email is a marketing promotion because it advertises a 30% discount and includes a promo code for a purchase. It should be classified as promotions, not verify_code, since the code is for a sales offer rather than identity verification."
promotions_118,Student Exclusive: 30% Off Software,Verify .edu email: softwarerepo.com/student Code: STUDENT30.,Student Exclusive: 30% Off Software Verify .edu email: softwarerepo.com/student Code: STUDENT30.,promotions,1,true,"This email is a promotional offer because it advertises a student discount and provides a coupon code to encourage a purchase. It is marketing content, not a personal, transactional, or informational message."
social_media_153,Event Reminder: Meetup Tomorrow,"""UX Designers Network"" 6PM. Location updated: social.com/events/ux-meetup.","Event Reminder: Meetup Tomorrow ""UX Designers Network"" 6PM. Location updated: social.com/events/ux-meetup.",social_media,2,true,"This email is a meetup reminder for a community/network event, which fits social or community-platform activity rather than transactional or personal correspondence. The event-focused content and group/network context support the social_media category."
forum_335,Mod application open for Technical Support,Revised rules effective immediately. Key changes: citation requirements for news posts. Review: wiki.site/page/789.,Mod application open for Technical Support Revised rules effective immediately. Key changes: citation requirements for news posts. Review: wiki.site/page/789.,forum,0,true,"This email discusses moderation rules and a mod application for a community space, which is typical of forum administration and governance. The content is about posting guidelines and moderator-related updates rather than personal, transactional, or marketing communication."
forum_783,[ANSWERED] Your query in Technical Support,{event} starts {time}. Prepare: forum.com/thread/123.,[ANSWERED] Your query in Technical Support {event} starts {time}. Prepare: forum.com/thread/123.,forum,0,true,"This email is a forum-style notification because it references a discussion thread and provides a link to continue or review the conversation. It is not a direct personal message or transactional update, but an automated update about a posted query."
forum_947,Forum digest: photography discussions,thread per report #4086. Details: support.site/ticket/456.,Forum digest: photography discussions thread per report #4086. Details: support.site/ticket/456.,forum,0,true,"This email is a forum digest summarizing discussion threads, which matches the forum category. The subject explicitly says “Forum digest,” and the body references a thread and report details rather than a direct personal or transactional message."
updates_339,Safety recall: Model AB-500,"Car Rental Main pool closed Aug 20-22 for maintenance, Sep 1, midnight-2AM. {assignment} confirmed. Manage booking: service.com/status.","Safety recall: Model AB-500 Car Rental Main pool closed Aug 20-22 for maintenance, Sep 1, midnight-2AM. {assignment} confirmed. Manage booking: service.com/status.",updates,4,true,"This email provides informational notices about maintenance closures and a confirmed assignment/booking status. It does not request action beyond optional booking management, so it fits the updates category."
social_media_899,Lisa Rodriguez mentioned you in a comment,"Mike: ""Great event today!"" Emily: ""Count me in!"" Reply: platform.com/messages/group.","Lisa Rodriguez mentioned you in a comment Mike: ""Great event today!"" Emily: ""Count me in!"" Reply: platform.com/messages/group.",social_media,2,true,"This email is a social notification because it informs the recipient that people mentioned or commented in a group-style conversation. The content is centered on social interaction and replies, not transactions, promotions, or personal correspondence."
verify_code_1456,Email binding code: 467569,Enter 603613 to verify password reset. Session will auto-cancel after 5 invalid attempts.,Email binding code: 467569 Enter 603613 to verify password reset. Session will auto-cancel after 5 invalid attempts.,promotions,1,false,This email is not promotional; it contains a one-time verification code for a password reset and mentions session validation limits. The correct classification is verify_code.
spam_1709,Your Microsoft subscription suspended,PayPal requires immediate password update. Click: phishing-site.com Failure within 6hrshrs causes lockout.,Your Microsoft subscription suspended PayPal requires immediate password update. Click: phishing-site.com Failure within 6hrshrs causes lockout.,forum,0,false,This is not a forum message; it is a phishing-style spam email using urgent account suspension and password update language to trick the recipient into clicking a link. The correct classification is spam.
promotions_1564,Free shipping With $50 purchase,Your favorite items are back. Don't wait: example.com/1144 Use code BIRTHDAY for 80% off.,Free shipping With $50 purchase Your favorite items are back. Don't wait: example.com/1144 Use code BIRTHDAY for 80% off.,updates,4,false,"This email is promotional because it advertises products, includes a discount code, and encourages a purchase with free shipping and 80% off. The correct classification is promotions, not updates."
spam_2218,PayPal: Password expiration,"Samsung Galaxy logged in 48hrs minutes ago. Verify: phishing-site.com If not you, secure account.","PayPal: Password expiration Samsung Galaxy logged in 48hrs minutes ago. Verify: phishing-site.com If not you, secure account.",updates,4,false,"This should be classified as spam, not updates, because it uses a vague security alert and urgent “verify/secure account” language with a suspicious link to prompt immediate action. Legitimate update emails typically provide clear account context and come from a recognizable, trustworthy sender rather than a generic phishing-style message."
verify_code_2075,Temporary security pass: 321516,PIN 528905 required for login confirmation on LinkedIn.,Temporary security pass: 321516 PIN 528905 required for login confirmation on LinkedIn.,verify_code,5,true,"This email contains a one-time PIN/security passcode used to confirm a login, which is exactly a verification code message. The subject and body both provide temporary codes for authentication rather than promotional or conversational content."
forum_1266,"New thread in ""Technical Support"" matches alert",{event} starts {time}. Prepare: support.site/ticket/456.,"New thread in ""Technical Support"" matches alert {event} starts {time}. Prepare: support.site/ticket/456.",social_media,2,false,"This is not a social media notification; it’s an alert about a new thread in a “Technical Support” discussion area, which is characteristic of a forum. The correct classification is forum."
spam_385,New message from attractive single,"Immediate action required! Your subscription payment failed. Update payment: bit.ly/fakeprize Or call ""support"": 1-800-FAKE.","New message from attractive single Immediate action required! Your subscription payment failed. Update payment: bit.ly/fakeprize Or call ""support"": 1-800-FAKE.",forum,0,false,"This is not a forum message; it’s a deceptive phishing/spam email using urgent payment-failure language, a suspicious shortened link, and a fake support number to trick the recipient. The correct classification is spam."
forum_2174,"New reply in ""React Performance""","Thread ""Discussion 172"" moved from General to Support. Continue: wiki.site/page/789.","New reply in ""React Performance"" Thread ""Discussion 172"" moved from General to Support. Continue: wiki.site/page/789.",forum,0,true,"This email is a notification about activity in an online discussion thread, including a reply and a thread move between forum sections. That makes it a forum/community update rather than a personal, transactional, or marketing email."
verify_code_716,New device approval: 299932,"Token: 299932 expires at 14:30 GMT. For support, contact no-reply@auth.com.","New device approval: 299932 Token: 299932 expires at 14:30 GMT. For support, contact no-reply@auth.com.",verify_code,5,true,"This email contains a one-time token with an expiration time, which is characteristic of a verification or authentication code message. It does not include broader account details or promotional content, so verify_code is the correct category."
verify_code_2234,Twitter verification: 986632,"For login confirmation, enter: 947444. Do not share this number.","Twitter verification: 986632 For login confirmation, enter: 947444. Do not share this number.",verify_code,5,true,"This email contains a one-time login confirmation code and explicitly says not to share it, which is characteristic of a verification message. Therefore, the verify_code category is correct."
spam_2183,URGENT! Claim your $1000 prize now!!!,See who messaged you on Facebook! View now: bit.ly/fakeprize Special offer: 75% off membership.,URGENT! Claim your $1000 prize now!!! See who messaged you on Facebook! View now: bit.ly/fakeprize Special offer: 75% off membership.,spam,3,true,"This email is spam because it uses deceptive, sensational language like “URGENT” and “Claim your $1000 prize” to lure the recipient into clicking a suspicious shortened link. It also includes unrelated promotional offers and impersonates social media activity, which are common spam tactics."
promotions_25,Flash Deal: 4K Camera $299 (Was $599),Only 12 units left at this price. Shop now: electronicsoutlet.com/clearance/cam489 Clearance final.,Flash Deal: 4K Camera $299 (Was $599) Only 12 units left at this price. Shop now: electronicsoutlet.com/clearance/cam489 Clearance final.,promotions,1,true,"This email is a promotional marketing message because it advertises a discounted product, emphasizes scarcity (“Only 12 units left”), and includes a shopping link to drive a purchase. It is not a personal or transactional email; its primary purpose is sales promotion."
updates_1607,Your order #9876 has cancelled,Yesterday's network connectivity problem fixed. All systems operational. Apologies for inconvenience.,Your order #9876 has cancelled Yesterday's network connectivity problem fixed. All systems operational. Apologies for inconvenience.,spam,3,false,"This is not spam because it provides a legitimate service status update about a resolved network connectivity issue and system restoration. The correct classification is updates, since it informs recipients about an operational change rather than advertising or unsolicited content."
social_media_385,Live now: Workshop keynote,View profile: platform.com/users/sarah Accept/reject: social.com/friends/pending.,Live now: Workshop keynote View profile: platform.com/users/sarah Accept/reject: social.com/friends/pending.,social_media,2,true,"This email is a social media notification because it references a user profile and a pending friend request action. Those are typical platform engagement features, not personal correspondence or transactional content."
promotions_1133,24-hour sale: Extra 20% off clearance,"As our loyal customer, get exclusive $70 off $75+: example.com/2939 Offer code: VIP25.","24-hour sale: Extra 20% off clearance As our loyal customer, get exclusive $70 off $75+: example.com/2939 Offer code: VIP25.",social_media,2,false,"This email is a marketing offer advertising a limited-time sale, discount code, and purchase incentive, which makes it promotional content rather than a social media notification. The correct classification is promotions."
verify_code_1811,Login code: 404583 (do not reply),"Enter 799237 to confirm account recovery. If you didn't request this, ignore.","Login code: 404583 (do not reply) Enter 799237 to confirm account recovery. If you didn't request this, ignore.",verify_code,5,true,"This email contains a one-time verification code used to confirm account recovery, which is exactly what the verify_code category covers. It is not a conversational or informational message, but a security/authentication code delivery."
updates_1447,Important: Phone number changed,password encryption activated per your request. Learn: banking.com/statements.,Important: Phone number changed password encryption activated per your request. Learn: banking.com/statements.,updates,4,true,The proposed category 'updates' is correct because the email content matches the expected patterns of a updates message.
forum_1364,Forum Contest: Photo Contest,"Thread ""Discussion 339"" moved from General to Support. Continue: wiki.site/page/789.","Forum Contest: Photo Contest Thread ""Discussion 339"" moved from General to Support. Continue: wiki.site/page/789.",verify_code,5,false,"This is not a verification-code email because it contains no one-time code or login/authentication request. It’s a forum notification about a thread being moved and continued, so the correct classification is forum."
spam_1577,Your Netflix was used on new device,Unusual login detected from Russia. Secure account: bit.ly/fakeprize NOW or account suspended.,Your Netflix was used on new device Unusual login detected from Russia. Secure account: bit.ly/fakeprize NOW or account suspended.,spam,3,true,The proposed category 'spam' is correct because the email content matches the expected patterns of a spam message.
verify_code_1844,Identity verification required: 229149,"Token: 585851 expires at 09:45 EST. For support, contact security@company.com.","Identity verification required: 229149 Token: 585851 expires at 09:45 EST. For support, contact security@company.com.",forum,0,false,"This email is not a forum message; it contains a one-time identity verification token with an expiration time, which is used to confirm a login or account action. The correct classification is verify_code."
verify_code_85,Confirm Identity: 543289,Enter 543289 to prove ownership. Session expires in 20 minutes.,Confirm Identity: 543289 Enter 543289 to prove ownership. Session expires in 20 minutes.,social_media,2,false,This email is not related to social media activity; it contains a one-time verification code (“543289”) and an expiration window for confirming identity. The correct classification is verify_code.
social_media_1651,New friend request from Sarah Johnson,"12 friends checked in at ""Downtown Cafe"". See photos and menu: platform.com/locations/venue.","New friend request from Sarah Johnson 12 friends checked in at ""Downtown Cafe"". See photos and menu: platform.com/locations/venue.",social_media,2,true,"This email is a social media notification because it mentions a new friend request and friends’ activity updates. Those are typical platform engagement messages, not personal correspondence or transactional content."
promotions_671,FLASH SALE: 30% off tools,"Hello valued member, enjoy Extra 20% off clearance. Shop now: example.com/5159 Expires {date}.","FLASH SALE: 30% off tools Hello valued member, enjoy Extra 20% off clearance. Shop now: example.com/5159 Expires {date}.",promotions,1,true,"This email is a marketing message promoting discounts and urging the recipient to shop now. It advertises a sale with percentage-off offers and an expiration date, which clearly fits the promotions category."
forum_444,[ANSWERED] Your query in Technical Support,User: WebDev2024 thread. forum.com/thread/123.,[ANSWERED] Your query in Technical Support User: WebDev2024 thread. forum.com/thread/123.,spam,3,false,"This is not spam; it’s a forum-related notification about a user’s technical support thread being answered, with a reference to the discussion link. The correct classification is forum."
social_media_1847,New friend request from Sarah Johnson,"15 friends checked in at ""Downtown Cafe"". See photos and menu: social.com/places/cafe.","New friend request from Sarah Johnson 15 friends checked in at ""Downtown Cafe"". See photos and menu: social.com/places/cafe.",social_media,2,true,"This email is a social media notification because it announces a new friend request and mentions friends’ activity. Those are typical platform engagement updates, not personal correspondence or transactional content."
social_media_878,Lisa Rodriguez liked your post,"15 friends checked in at ""Tech Hub"". See photos and menu: platform.com/locations/venue.","Lisa Rodriguez liked your post 15 friends checked in at ""Tech Hub"". See photos and menu: platform.com/locations/venue.",forum,0,false,"This email is a social media notification about engagement activity (“Lisa Rodriguez liked your post” and friends checking in), which is characteristic of a social_media message. It is not a forum message, since it does not involve discussion threads, posts in a community board, or reply notifications."
spam_743,Inheritance claim from late relative,"Dear Winner, Your email won $500 in our annual lottery! Click here: bit.ly/fakeprize. Claim before 6hrs expire. Unsubscribe: stop@scam.net","Inheritance claim from late relative Dear Winner, Your email won $500 in our annual lottery! Click here: bit.ly/fakeprize. Claim before 6hrs expire. Unsubscribe: stop@scam.net",spam,3,true,This email is spam because it makes a fake prize claim (“won $500”) and uses urgent language plus a suspicious shortened link to pressure the recipient into clicking. These are common phishing/scam indicators and are unrelated to any legitimate inheritance matter suggested by the subject.
promotions_1628,72-hour sale: Extra 20% off clearance,Final hours of biggest sale. Up to 80% off: example.com/4086 Ends {time}.,72-hour sale: Extra 20% off clearance Final hours of biggest sale. Up to 80% off: example.com/4086 Ends {time}.,promotions,1,true,"This email is a promotional marketing message because it advertises a limited-time sale with discounts and a shopping link. The subject and body focus on encouraging a purchase, which fits the promotions category."
spam_118,Expired Domain Notice,yourwebsite.com will be deleted. Renew: domain-renew-urgent.tech Code: WEB882.,Expired Domain Notice yourwebsite.com will be deleted. Renew: domain-renew-urgent.tech Code: WEB882.,updates,4,false,"This should be classified as spam, not updates, because it uses an urgent domain-expiration warning and a suspicious renewal link/code to pressure the recipient into taking action. It is a deceptive solicitation rather than a legitimate account or service update."
verify_code_735,New device approval: 202896,"Token: 416060 expires at 09:45 EST. For support, contact security@company.com.","New device approval: 202896 Token: 416060 expires at 09:45 EST. For support, contact security@company.com.",updates,4,false,"The proposed category is incorrect because this email provides a one-time token and expiration time for approving a new device, which is used for identity verification. The correct classification is verify_code."
forum_1122,AMA session: AI Researcher,{event} starts {time}. Prepare: wiki.site/page/789.,AMA session: AI Researcher {event} starts {time}. Prepare: wiki.site/page/789.,social_media,2,false,"This is not a social media notification; it’s an announcement for an AMA discussion thread/event, which fits a forum-style community post. The correct classification is forum."
updates_1273,Important: Phone number changed,"Restaurant Main pool closed Aug 20-22 for maintenance, Dec 20, 3-5AM GMT. {assignment} confirmed. Manage booking: service.com/status.","Important: Phone number changed Restaurant Main pool closed Aug 20-22 for maintenance, Dec 20, 3-5AM GMT. {assignment} confirmed. Manage booking: service.com/status.",social_media,2,false,"This email is not about social networking or platform interactions, so classifying it as social_media is incorrect. It provides booking-related status information and a maintenance notice, so the correct classification is updates."
verify_code_394,New device approval: 321591,Code: 421450 for login confirmation. Do not share. Requested from IP 203.0.113.5 at 09:45 EST.,New device approval: 321591 Code: 421450 for login confirmation. Do not share. Requested from IP 203.0.113.5 at 09:45 EST.,verify_code,5,true,"This email contains a one-time login confirmation code and warns not to share it, which is characteristic of a verification code message. The subject about new device approval further confirms it is for account/device verification."
forum_370,Forum maintenance: complete,thread per report #7665. Details: support.site/ticket/456.,Forum maintenance: complete thread per report #7665. Details: support.site/ticket/456.,forum,0,true,"This email is about forum maintenance and references a specific thread/report, which fits forum-related activity. The subject and body both indicate it concerns a forum thread update rather than a general support or personal message."
spam_1503,Refund confirmation #R-23948,"Hi, following up about your Google application. Rates dropped to 1.2%! Apply now: bit.ly/fakeprize. STOP to opt out.","Refund confirmation #R-23948 Hi, following up about your Google application. Rates dropped to 1.2%! Apply now: bit.ly/fakeprize. STOP to opt out.",spam,3,true,"The message is unsolicited promotional content pushing a suspicious loan/application offer with a shortened link and generic marketing language. It is unrelated to the subject line about a refund confirmation, which is a common spam tactic to trick recipients into opening the message."
updates_1463,Community announcement: New policy,"Car Rental Main pool closed Aug 20-22 for maintenance, Aug 15, midnight-2AM. {assignment} confirmed. Manage booking: banking.com/statements.","Community announcement: New policy Car Rental Main pool closed Aug 20-22 for maintenance, Aug 15, midnight-2AM. {assignment} confirmed. Manage booking: banking.com/statements.",updates,4,true,"This email provides informational notices about a temporary pool closure for maintenance and a confirmed assignment, without requesting action beyond optional booking management. That makes it a routine status/announcement message, which fits the updates category."
forum_1578,[ANSWERED] Your query in Career Advice,"Thread: ""Discussion 627"" started by WebDev2024. Settings: wiki.site/page/789.","[ANSWERED] Your query in Career Advice Thread: ""Discussion 627"" started by WebDev2024. Settings: wiki.site/page/789.",forum,0,true,"This email is a notification about activity in a discussion thread (“Discussion 627”) within a Career Advice forum, indicating it’s part of an online community conversation. Because it references a thread, a user, and forum-style settings, the forum category is correct."
updates_1048,Membership upgrade: processing achieved!,Items cancelled via DHL (tracking: 9876543210). Estimated delivery: Aug 15. Track: banking.com/statements.,Membership upgrade: processing achieved! Items cancelled via DHL (tracking: 9876543210). Estimated delivery: Aug 15. Track: banking.com/statements.,updates,4,true,"This email provides a status update about a membership-related process and shipment details, including cancellation, tracking, and estimated delivery. It does not request action or advertise anything, so “updates” is the correct category."
updates_483,"Your appointment confirmed: Sep 1, 1-3AM EST",We've updated our Terms of Service. Review changes: company.com/updates Effective Nov 12.,"Your appointment confirmed: Sep 1, 1-3AM EST We've updated our Terms of Service. Review changes: company.com/updates Effective Nov 12.",verify_code,5,false,This email is not a verification code message because it contains no one-time code or login/authentication request. It should be classified as updates since it notifies the recipient about a Terms of Service change and provides a link to review the updates.
promotions_902,New arrivals: Fall fashion live,"Hello valued member, enjoy Free shipping all week. Shop now: example.com/5988 Expires {date}.","New arrivals: Fall fashion live Hello valued member, enjoy Free shipping all week. Shop now: example.com/5988 Expires {date}.",forum,0,false,"This email is a marketing promotion advertising new fall fashion arrivals, free shipping, and a shop-now link, which are clear promotional sales cues. It should be classified as promotions, not forum, because it is not part of a group discussion or community thread."
updates_830,Software update available (v3.1),Our service will be unavailable during this window. Updates include bug fixes and new features.,Software update available (v3.1) Our service will be unavailable during this window. Updates include bug fixes and new features.,verify_code,5,false,This email is not about a verification code or authentication; it announces a software update and scheduled service downtime. The correct classification is updates.
spam_2203,Delivery Problem EF-789,Your package couldn't be delivered. Tracking# EF-789. Update now: scam-delivery.com Do not ignore!,Delivery Problem EF-789 Your package couldn't be delivered. Tracking# EF-789. Update now: scam-delivery.com Do not ignore!,promotions,1,false,This email is not a promotion; it is a deceptive delivery-alert message using urgency and a generic link to trick the recipient into clicking. The correct classification is spam.
social_media_1512,New friend request from Mike Chen,"See which photo: platform.com/content/video456 Comments: ""So inspiring!"" Disable notifications: platform.com/notifications.","New friend request from Mike Chen See which photo: platform.com/content/video456 Comments: ""So inspiring!"" Disable notifications: platform.com/notifications.",social_media,2,true,This email is a social media notification because it alerts the user to a new friend request and includes engagement-related content like comments and notification settings. Those are typical features of messages from social networking platforms.
updates_1835,Safety recall: Model AB-500,"Car Rental Main pool closed Aug 20-22 for maintenance, Oct 5, 3-5AM GMT. {assignment} confirmed. Manage booking: company.com/updates.","Safety recall: Model AB-500 Car Rental Main pool closed Aug 20-22 for maintenance, Oct 5, 3-5AM GMT. {assignment} confirmed. Manage booking: company.com/updates.",updates,4,true,"The email provides informational notices about maintenance and a confirmed assignment/booking, with a link to manage the booking. It does not request a reply or action beyond optional account management, so it fits the updates category."
social_media_64,Social Audio Transcription Archive,Convert voice rooms to searchable texts. Join: audio-linguistics-project.org Privacy first.,Social Audio Transcription Archive Convert voice rooms to searchable texts. Join: audio-linguistics-project.org Privacy first.,social_media,2,true,"The email promotes a feature for voice rooms and social audio content, which fits the social media category. It focuses on converting social audio interactions into searchable text rather than offering a general business or transactional service."
verify_code_1144,Apple Authenticator: 202896,Security code: 416060. Enter on sign-in page. Expires in 15 minutes. Not you? Contact support: security@company.com.,Apple Authenticator: 202896 Security code: 416060. Enter on sign-in page. Expires in 15 minutes. Not you? Contact support: security@company.com.,verify_code,5,true,"This email contains a one-time security code for login verification and includes an expiration window, which is characteristic of a verify_code message. It is not a general notification or marketing email, but a direct authentication step for signing in."
promotions_2131,"Refer friends, get $25 credit",Deal ends {time}! {items} at lowest prices. Shop now: example.com/1574 Use code: VIP25.,"Refer friends, get $25 credit Deal ends {time}! {items} at lowest prices. Shop now: example.com/1574 Use code: VIP25.",promotions,1,true,"This email is promotional because it advertises a limited-time deal, highlights discounted prices, and includes a coupon code to encourage shopping. The “refer friends, get $25 credit” subject line and “Shop now” call to action are clear marketing content."
updates_646,Safety recall: Model AB-500,Your monthly statement is available. View/download: service.com/status No action needed if payment scheduled.,Safety recall: Model AB-500 Your monthly statement is available. View/download: service.com/status No action needed if payment scheduled.,spam,3,false,"This should be classified as updates, not spam, because it’s a routine account/service notification about a monthly statement being available. The message provides informational status details and does not contain the hallmarks of unsolicited promotional or deceptive spam."
forum_167,Wiki Edit Conflict: Quantum Computing Basics,Your edit conflicts with newer version by user @Physicist. Compare changes: sciforum.com/wiki/quantum-computing/compare. Edit lock activated for 24 hours. Resolution suggestions provided by moderators.,Wiki Edit Conflict: Quantum Computing Basics Your edit conflicts with newer version by user @Physicist. Compare changes: sciforum.com/wiki/quantum-computing/compare. Edit lock activated for 24 hours. Resolution suggestions provided by moderators.,spam,3,false,"This is not spam because it’s a legitimate automated notification about a wiki edit conflict, including moderation and collaboration details. The correct classification is forum, since it relates to user-generated discussion and content management on a community platform."
forum_2238,Warning: Violation in Python Coding Challenge,Database upgrade completed successfully. New features: new search and notifications. FAQ: forum.com/thread/123.,Warning: Violation in Python Coding Challenge Database upgrade completed successfully. New features: new search and notifications. FAQ: forum.com/thread/123.,forum,0,true,"The email reads like a community or discussion-thread update, especially with the FAQ/thread link and announcement-style content about new features. It does not involve a direct personal, transactional, or promotional message, so classifying it as forum is appropriate."
social_media_1117,News: Lisa Rodriguez started new position,"Group ""Tech Enthusiasts"" invited you. RSVP: social.com/events/meetup.","News: Lisa Rodriguez started new position Group ""Tech Enthusiasts"" invited you. RSVP: social.com/events/meetup.",promotions,1,false,"This email is about activity and invitations within a social/group platform (“Tech Enthusiasts” invited you and a profile update about Lisa Rodriguez), which makes it a social_media message. It is not promotions because it does not advertise or market a product, service, or sale."
spam_742,Your invoice is available,See who messaged you on Microsoft! View now: bit.ly/fakeprize Special offer: 90% off membership.,Your invoice is available See who messaged you on Microsoft! View now: bit.ly/fakeprize Special offer: 90% off membership.,social_media,2,false,"This should be classified as spam, not social_media, because it contains promotional/scam-like content (“Special offer: 90% off membership”) and a suspicious shortened link unrelated to a legitimate social notification. The message is unsolicited advertising designed to lure clicks rather than a genuine social media update."
updates_898,Important: Address changed,We've updated our Cookie Policy. Review changes: company.com/updates Effective Nov 12.,Important: Address changed We've updated our Cookie Policy. Review changes: company.com/updates Effective Nov 12.,promotions,1,false,This email is not a promotion because it does not advertise or sell anything; it informs recipients about a policy change and its effective date. The correct classification is updates.
promotions_350,48-hour sale: Buy one get one free,Celebrate with 60% off entire purchase. Valid 12: example.com/1611 Code: WELCOME20.,48-hour sale: Buy one get one free Celebrate with 60% off entire purchase. Valid 12: example.com/1611 Code: WELCOME20.,forum,0,false,"This email is a marketing promotion because it advertises a limited-time sale, discount, and promo code to encourage a purchase. The correct classification is promotions, not forum."
forum_1819,[ANSWERED] Your query in Career Advice,Database upgrade completed successfully. New features: new search and notifications. FAQ: wiki.site/page/789.,[ANSWERED] Your query in Career Advice Database upgrade completed successfully. New features: new search and notifications. FAQ: wiki.site/page/789.,forum,0,true,"This email is a forum-style update tied to a specific discussion or query (“[ANSWERED] Your query in Career Advice”), indicating activity within a community thread. It shares informational follow-up content rather than a personal, transactional, or marketing message, so forum is the correct category."
social_media_1370,Watch later: Recommended post,photo from New York received 875 likes and 44 comments. See insights: social.com/insights/post123.,Watch later: Recommended post photo from New York received 875 likes and 44 comments. See insights: social.com/insights/post123.,social_media,2,true,This email is a social media notification because it reports engagement metrics like likes and comments on a post. The “See insights” link also indicates it relates to activity and performance on a social platform.
verify_code_1743,Authentication token: 417380,"For password reset, enter: 417380. Do not share this number.","Authentication token: 417380 For password reset, enter: 417380. Do not share this number.",forum,0,false,This email is not a forum message; it contains a one-time authentication code for a password reset. The correct classification is verify_code.
promotions_641,Limited stock: Limited edition,Final hours of biggest sale. Up to 50% off: example.com/9467 Ends {time}.,Limited stock: Limited edition Final hours of biggest sale. Up to 50% off: example.com/9467 Ends {time}.,promotions,1,true,"This email is a marketing message promoting a sale with urgency cues like “Final hours” and “Up to 50% off.” Its purpose is to advertise discounted products and drive purchases, which fits the promotions category."
promotions_470,Early access: Summer sale start now,Celebrate with 50% off entire purchase. Valid 24: example.com/8387 Code: SAVE50.,Early access: Summer sale start now Celebrate with 50% off entire purchase. Valid 24: example.com/8387 Code: SAVE50.,promotions,1,true,"This email is a promotional marketing message because it advertises a limited-time sale, highlights a discount offer, and includes a promo code to encourage a purchase. It is not transactional or personal; its main purpose is to drive sales."
promotions_524,Double rewards points all week,Deal ends {time}! {items} at lowest prices. Shop now: example.com/9227 Use code: SAVE50.,Double rewards points all week Deal ends {time}! {items} at lowest prices. Shop now: example.com/9227 Use code: SAVE50.,updates,4,false,"This email is promotional, not an update, because it advertises a limited-time sale, discount code, and shopping link intended to drive purchases. The correct classification is promotions."
forum_687,"New thread in ""Home Gardening"" matches alert",User: DataWiz posted helpful solution. View: support.site/ticket/456.,"New thread in ""Home Gardening"" matches alert User: DataWiz posted helpful solution. View: support.site/ticket/456.",verify_code,5,false,"This email is a forum notification about a new thread/post in “Home Gardening,” not a message containing a verification code. The correct classification is forum."
promotions_2213,New arrivals: Fall fashion live,"As our loyal customer, get exclusive $50 off $150+: example.com/9182 Offer code: BIRTHDAY.","New arrivals: Fall fashion live As our loyal customer, get exclusive $50 off $150+: example.com/9182 Offer code: BIRTHDAY.",updates,4,false,"This email is promotional because it advertises new fall fashion arrivals and includes a discount offer code to encourage a purchase. The correct classification is promotions, not updates."
spam_2090,Suspicious activity on PayPal account,Invoice INV-6789 for $5000 ready. View: scam-delivery.com Dispute within 48hrshrs.,Suspicious activity on PayPal account Invoice INV-6789 for $5000 ready. View: scam-delivery.com Dispute within 48hrshrs.,spam,3,true,"This email is spam because it uses a vague financial alert and urgent language to pressure the recipient into clicking a suspicious link. The message is poorly written, lacks legitimate sender details, and resembles a phishing attempt rather than a real payment notification."
forum_2142,Moderation notice: Community Guidelines update,User: PixelArtist posted helpful solution. View: support.site/ticket/456.,Moderation notice: Community Guidelines update User: PixelArtist posted helpful solution. View: support.site/ticket/456.,promotions,1,false,This is not a promotional email; it’s a community/forum moderation notification about a user post and a ticket update. The correct classification is forum.
verify_code_1405,Secure access number: 286745,Security code: 383921. Enter on sign-in page. Expires in 20 minutes. Not you? Contact support: security@company.com.,Secure access number: 286745 Security code: 383921. Enter on sign-in page. Expires in 20 minutes. Not you? Contact support: security@company.com.,verify_code,5,true,"This email provides a one-time security code to complete a sign-in and includes an expiration time, which is characteristic of verification or authentication messages. Since its main purpose is account access confirmation, the verify_code category is correct."
forum_1690,Wiki Edit Approved: linux,Revised rules effective immediately. Key changes: citation requirements for news posts. Review: support.site/ticket/456.,Wiki Edit Approved: linux Revised rules effective immediately. Key changes: citation requirements for news posts. Review: support.site/ticket/456.,promotions,1,false,This is not a promotional message; it’s a community/forum-style notification about a wiki edit approval and updated posting rules. The correct classification is forum.
promotions_1037,Last chance: Warehouse clearance,"Hello valued member, enjoy Buy one get one free. Shop now: example.com/9201 Expires {date}.","Last chance: Warehouse clearance Hello valued member, enjoy Buy one get one free. Shop now: example.com/9201 Expires {date}.",spam,3,false,"This email is not spam because it is a legitimate marketing offer advertising a warehouse clearance sale with a buy-one-get-one-free promotion. The correct classification is promotions, since its primary purpose is to encourage the recipient to shop."
forum_2230,"New reply in ""Database Optimization""",{event} starts {time}. Prepare: forum.com/thread/123.,"New reply in ""Database Optimization"" {event} starts {time}. Prepare: forum.com/thread/123.",spam,3,false,"This is not spam; it’s an automated notification about a new reply in a discussion thread, with a link to the forum conversation. The correct classification is forum."
verify_code_1478,Microsoft verification: 748435,"Use 799237 as your verification code. Device: Samsung Galaxy S22. Location: Los Angeles, CA.","Microsoft verification: 748435 Use 799237 as your verification code. Device: Samsung Galaxy S22. Location: Los Angeles, CA.",verify_code,5,true,"This email provides a one-time verification code for signing in to a Microsoft account, along with device and location details for the login attempt. That matches the verify_code category."
promotions_1624,Early access: New arrivals start now,"As our loyal customer, get exclusive $60 off $75+: example.com/6964 Offer code: VIP25.","Early access: New arrivals start now As our loyal customer, get exclusive $60 off $75+: example.com/6964 Offer code: VIP25.",promotions,1,true,"This email is a marketing message offering an exclusive discount code and promoting new arrivals to encourage a purchase. That makes it a promotional email rather than a personal, transactional, or informational message."
verify_code_65,Crypto Asset Seizure Warrant Token,FBI crypto seizure authorization: CSEIZE-228. Confirm: cryptoforfeiture.gov Blockchain analysis report.,Crypto Asset Seizure Warrant Token FBI crypto seizure authorization: CSEIZE-228. Confirm: cryptoforfeiture.gov Blockchain analysis report.,promotions,1,false,"This is not a promotional message; it is requesting confirmation of a seizure authorization/token (“CSEIZE-228”), which functions as a verification code. The correct classification is verify_code."
social_media_1219,Live now: Webinar keynote,"""Beach vacation with family"" - view album: social.com/albums/vacation2018.","Live now: Webinar keynote ""Beach vacation with family"" - view album: social.com/albums/vacation2018.",social_media,2,true,"This email shares a personal photo album link and family vacation content, which is characteristic of social or personal-sharing messages. It is not transactional or promotional in nature, so social_media is the correct category."
social_media_1232,John Smith mentioned you in a comment,"23 friends checked in at ""Tech Hub"". See photos and menu: platform.com/locations/venue.","John Smith mentioned you in a comment 23 friends checked in at ""Tech Hub"". See photos and menu: platform.com/locations/venue.",social_media,2,true,"This email is a social notification because it references a mention/comment and friends’ activity (“23 friends checked in”), which are typical social platform updates. It is not transactional or promotional; its main purpose is to inform the user about social interactions and activity."
spam_971,Apple eGift card for loyal customers,See who messaged you on Google! View now: phishing-site.com Special offer: 75% off membership.,Apple eGift card for loyal customers See who messaged you on Google! View now: phishing-site.com Special offer: 75% off membership.,spam,3,true,"This email is spam because it uses misleading, unrelated promotional content (“Apple eGift card,” “Google,” and a “75% off membership” offer) to lure clicks. The message is generic, suspicious, and contains typical scam/spam tactics rather than a legitimate, coherent communication."
verify_code_1010,Temporary PIN: 901795,Enter 426706 to verify password reset. Session will auto-cancel after 2 invalid attempts.,Temporary PIN: 901795 Enter 426706 to verify password reset. Session will auto-cancel after 2 invalid attempts.,verify_code,5,true,"This email provides a one-time verification code needed to confirm a password reset request. Because its main purpose is identity verification using a temporary PIN/code, the verify_code category is correct."
promotions_971,12-hour sale: Extra 20% off clearance,Celebrate with 80% off entire purchase. Valid 24: example.com/2336 Code: WELCOME20.,12-hour sale: Extra 20% off clearance Celebrate with 80% off entire purchase. Valid 24: example.com/2336 Code: WELCOME20.,promotions,1,true,"This email is clearly promotional because it advertises a limited-time sale, highlights large discounts, and includes a promo code to encourage a purchase. The content is marketing-focused rather than transactional or informational."
spam_892,Crypto Opportunity: 400% ROI guaranteed,"Hi, following up about your PayPal application. Rates dropped to 2.1%! Apply now: phishing-site.com. STOP to opt out.","Crypto Opportunity: 400% ROI guaranteed Hi, following up about your PayPal application. Rates dropped to 2.1%! Apply now: phishing-site.com. STOP to opt out.",spam,3,true,The proposed category 'spam' is correct because the email content matches the expected patterns of a spam message.
verify_code_1150,Access code: 313699,Enter 321516 to verify password reset. Session will auto-cancel after 5 invalid attempts.,Access code: 313699 Enter 321516 to verify password reset. Session will auto-cancel after 5 invalid attempts.,promotions,1,false,This email is not promotional; it contains a one-time verification code for a password reset and mentions session security limits. The correct classification is verify_code.
verify_code_1630,Temporary PIN: 427543,Use this code: 286745 to complete sign-in. Expires in 15 minutes.,Temporary PIN: 427543 Use this code: 286745 to complete sign-in. Expires in 15 minutes.,verify_code,5,true,"This email contains a one-time code used to complete a sign-in and notes that it expires shortly, which is characteristic of a verification code message. Therefore, classifying it as verify_code is correct."
promotions_1377,72-hour sale: Extra 20% off clearance,"Hello valued member, enjoy Free shipping all week. Shop now: example.com/6355 Expires {date}.","72-hour sale: Extra 20% off clearance Hello valued member, enjoy Free shipping all week. Shop now: example.com/6355 Expires {date}.",promotions,1,true,"This email is a marketing message advertising a limited-time sale, discount, and free shipping to encourage purchases. Those promotional offers and shopping call-to-action clearly place it in the promotions category."
promotions_670,Anniversary Special: Buy one get one free,"As our loyal customer, get exclusive $30 off $150+: example.com/4028 Offer code: SAVE50.","Anniversary Special: Buy one get one free As our loyal customer, get exclusive $30 off $150+: example.com/4028 Offer code: SAVE50.",promotions,1,true,"This email is a marketing offer promoting a special anniversary sale with discounts and a promo code. Its purpose is to encourage a purchase, so classifying it as promotions is correct."
verify_code_566,Temporary security pass: 555748,Your access code is 313699 for password reset. Valid once only.,Temporary security pass: 555748 Your access code is 313699 for password reset. Valid once only.,updates,4,false,This email is not a general update; it provides a one-time access code for a password reset. The correct classification is verify_code because its primary purpose is identity verification/security authentication.
social_media_1541,News: David Kim started new position,"""College reunion photos"" - view album: platform.com/memories/beach.","News: David Kim started new position ""College reunion photos"" - view album: platform.com/memories/beach.",promotions,1,false,This email is not a promotion or marketing offer; it’s a social-network-style update about a person’s life event and shared photos. The correct classification is social_media.
social_media_1273,Nearby: Meetup today 6PM,View profile: social.com/profile/john123 Accept/reject: social.com/friends/pending.,Nearby: Meetup today 6PM View profile: social.com/profile/john123 Accept/reject: social.com/friends/pending.,social_media,2,true,"This email is a social networking notification about a meetup and pending friend requests, with links to view a profile and accept or reject connections. Those are typical social media platform interactions, so the social_media category is correct."
social_media_592,Live now: Meetup keynote,View profile: platform.com/users/sarah Accept/reject: social.com/friends/pending.,Live now: Meetup keynote View profile: platform.com/users/sarah Accept/reject: social.com/friends/pending.,social_media,2,true,"This email is a social networking notification, mentioning a meetup keynote and linking to a user profile and pending friend requests. Those are typical social media platform activities, so the social_media category is correct."
spam_12,Free iPhone 15 Pro with survey!,Complete 2-min survey get latest iPhone. Limited stock: survey.reward.me/iphone Offer ends soon.,Free iPhone 15 Pro with survey! Complete 2-min survey get latest iPhone. Limited stock: survey.reward.me/iphone Offer ends soon.,spam,3,true,"This email is spam because it uses a too-good-to-be-true giveaway offer and urgent language to lure the recipient into clicking a suspicious link. The message is promotional, unsolicited, and resembles a common phishing/scam tactic rather than a legitimate survey invitation."
forum_170,[Moderation] Thread Moved: Cryptocurrency Discussion,"""BTC Price Prediction"" thread relocated to Speculation subforum: financeforum.com/forums/speculation/thread-5566. Reason: Primary topic better suited to alternative section. Automatic redirect active.","[Moderation] Thread Moved: Cryptocurrency Discussion ""BTC Price Prediction"" thread relocated to Speculation subforum: financeforum.com/forums/speculation/thread-5566. Reason: Primary topic better suited to alternative section. Automatic redirect active.",verify_code,5,false,"This is not a verification-code message because it contains no one-time code or login/authentication request. It is a forum notification about a moderation action moving a discussion thread, so the correct classification is forum."
social_media_2020,New follower: Sarah Johnson,"See which post: social.com/posts/photo123 Comments: ""Great insight!"" Disable notifications: platform.com/notifications.","New follower: Sarah Johnson See which post: social.com/posts/photo123 Comments: ""Great insight!"" Disable notifications: platform.com/notifications.",social_media,2,true,"This email is a social media notification informing the user about a new follower and engagement on a post. It is not transactional or personal correspondence, so classifying it as social_media is correct."
verify_code_219,KYC Verification: 334466,Complete identity check with 334466.,KYC Verification: 334466 Complete identity check with 334466.,spam,3,false,This email is not spam; it contains a one-time KYC identity verification code (“334466”) and instructs the recipient to use it to complete verification. The correct classification is verify_code.
updates_771,Reservation confirmed: Hotel Booking #QW567E,Yesterday's server maintenance fixed. All systems operational. Apologies for inconvenience.,Reservation confirmed: Hotel Booking #QW567E Yesterday's server maintenance fixed. All systems operational. Apologies for inconvenience.,social_media,2,false,This is not a social media message; it’s a transactional/status update informing the recipient that maintenance is complete and systems are operational. The correct classification is updates.
updates_1905,Service outage resolved,Confirm/cancel: banking.com/statements Address (same building).,Service outage resolved Confirm/cancel: banking.com/statements Address (same building).,verify_code,5,false,"This is not a verification-code email because it contains no one-time code or login/authentication request. It should be classified as updates, since it’s a service-status notification indicating the outage has been resolved."
spam_1298,Suspicious activity on Amazon account,Unusual login detected from Russia. Secure account: bit.ly/fakeprize NOW or account suspended.,Suspicious activity on Amazon account Unusual login detected from Russia. Secure account: bit.ly/fakeprize NOW or account suspended.,updates,4,false,"This should be classified as spam, not updates, because it uses urgent scare tactics about suspicious activity and suspension to push the recipient to click a shortened link. Legitimate account notifications typically direct users to the official site rather than a vague bit.ly URL."
forum_974,Forum digest: linux discussions,"Trending: ""programming"" (156 comments). View: forum.com/thread/123.","Forum digest: linux discussions Trending: ""programming"" (156 comments). View: forum.com/thread/123.",verify_code,5,false,"This email is a forum digest summarizing discussion activity and linking to a thread, not a message about verification codes or authentication. The correct classification is forum."
verify_code_858,Identity confirmation: 740596,PIN 647375 required for password reset on Twitter.,Identity confirmation: 740596 PIN 647375 required for password reset on Twitter.,verify_code,5,true,This email contains a one-time PIN specifically for confirming identity and resetting a Twitter password. That matches the verify_code category because its primary purpose is to provide a verification code for account access/security.
updates_86,Order Delayed: #ORD-8821,New estimated delivery: Aug 25. Compensation: $10 credit applied. Track: store.com/track/ORD8821.,Order Delayed: #ORD-8821 New estimated delivery: Aug 25. Compensation: $10 credit applied. Track: store.com/track/ORD8821.,updates,4,true,"This email provides a status update on an existing order by notifying the customer of a delivery delay, a new estimated arrival date, and a tracking link. It does not request action beyond informing the recipient, so classifying it as updates is correct."
social_media_1045,Nearby: Meetup today 9AM,"Mike: ""Check this out"" David: ""Weather looks great!"" Reply: platform.com/messages/group.","Nearby: Meetup today 9AM Mike: ""Check this out"" David: ""Weather looks great!"" Reply: platform.com/messages/group.",social_media,2,true,"This email is a casual group conversation about meeting up, with short chat-style messages and a link to reply in the thread. That fits social_media because it reflects personal social interaction rather than a transactional, promotional, or work-related message."
social_media_125,Post Analytics: 500+ Views,Your article on UX design. Insights: social.com/analytics/post772.,Post Analytics: 500+ Views Your article on UX design. Insights: social.com/analytics/post772.,social_media,2,true,"This email reports engagement metrics for a published article, which is a typical social/media platform notification. It is informational and tied to content performance rather than a personal, transactional, or promotional message."
spam_1228,Your invoice is available,"Dear Winner, Your email won $500 in our annual lottery! Click here: bit.ly/fakeprize. Claim before 24hrs expire. Unsubscribe: remove@spam.com","Your invoice is available Dear Winner, Your email won $500 in our annual lottery! Click here: bit.ly/fakeprize. Claim before 24hrs expire. Unsubscribe: remove@spam.com",spam,3,true,This email is spam because it makes an unsolicited prize claim (“won $500”) and uses urgency plus a shortened link to pressure the recipient into clicking. These are common phishing/spam tactics and are unrelated to any legitimate invoice despite the subject line.
spam_2138,Your Amazon subscription suspended,Your $1000 refund is processed. Claim: phishing-site.com Complete within 6hrshrs.,Your Amazon subscription suspended Your $1000 refund is processed. Claim: phishing-site.com Complete within 6hrshrs.,spam,3,true,The proposed category 'spam' is correct because the email content matches the expected patterns of a spam message.
verify_code_79,Space Radio Telescope Alignment Key,Deep space network antenna control: DSN-ALIGN-882. Uplink: deepspace.nasa.gov Orbital mechanics.,Space Radio Telescope Alignment Key Deep space network antenna control: DSN-ALIGN-882. Uplink: deepspace.nasa.gov Orbital mechanics.,spam,3,false,"This is not spam; it contains a specific one-time access/alignment code, “DSN-ALIGN-882,” which fits a verification or authentication message. The correct classification is verify_code."
verify_code_731,New device approval: 986632,"For password reset, enter: 692221. Do not share this number.","New device approval: 986632 For password reset, enter: 692221. Do not share this number.",verify_code,5,true,"The email contains a one-time numeric code specifically for password reset/device approval, which is used to verify the user’s identity. That matches the verify_code category."
social_media_2049,News: John Smith started new position,"""You were at Grand Canyon with Alex"" - view album: platform.com/memories/beach.","News: John Smith started new position ""You were at Grand Canyon with Alex"" - view album: platform.com/memories/beach.",social_media,2,true,"This email is a social update sharing a personal memory/album link and mentioning people the recipient knows, which is typical of social media notifications. It is not transactional or promotional, so social_media is the correct category."
updates_375,"Scheduled maintenance: Oct 5, 2-4AM PST",Thank you! $89.99 payment applied to account. Receipt: banking.com/statements.,"Scheduled maintenance: Oct 5, 2-4AM PST Thank you! $89.99 payment applied to account. Receipt: banking.com/statements.",forum,0,false,"This is not a forum message because it isn’t part of a discussion thread or community post. It should be classified as updates, since it provides account-related informational notices like a maintenance alert and payment receipt."
forum_1775,[r/gaming] Reply: Python error,"Trending: ""programming"" (258 comments). View: forum.com/thread/123.","[r/gaming] Reply: Python error Trending: ""programming"" (258 comments). View: forum.com/thread/123.",verify_code,5,false,"This email is a forum/community notification because it highlights a trending discussion thread with comment counts and a link to view the conversation. It should be classified as forum, not verify_code, since it contains no verification code or authentication purpose."
verify_code_669,Your verification code: 417380,"Use 416060 as your verification code. Device: Chrome on Windows. Location: Seattle, WA.","Your verification code: 417380 Use 416060 as your verification code. Device: Chrome on Windows. Location: Seattle, WA.",verify_code,5,true,This email provides a one-time verification code for account access and includes device and location details to confirm the login attempt. That matches the verify_code category.
forum_2162,User Spotlight: Member Spotlight,Revised rules effective immediately. Key changes: citation requirements for news posts. Review: forum.com/thread/123.,User Spotlight: Member Spotlight Revised rules effective immediately. Key changes: citation requirements for news posts. Review: forum.com/thread/123.,social_media,2,false,"This email is not social media because it announces updated posting rules and links to a discussion thread, which are typical features of an online forum community. The correct classification is forum."
spam_318,Re: Your Google inquiry,Invoice INV-7892 for $5000 ready. View: bit.ly/fakeprize Dispute within 24hrshrs.,Re: Your Google inquiry Invoice INV-7892 for $5000 ready. View: bit.ly/fakeprize Dispute within 24hrshrs.,updates,4,false,"This should be classified as spam, not updates, because it uses a suspicious shortened link, an unexpected invoice/payment claim, and urgent language (“Dispute within 24hrs”) commonly used in phishing or scam emails."
promotions_1504,Free gift With $50 purchase,Deal ends {time}! {items} at lowest prices. Shop now: example.com/4934 Use code: BIRTHDAY.,Free gift With $50 purchase Deal ends {time}! {items} at lowest prices. Shop now: example.com/4934 Use code: BIRTHDAY.,verify_code,5,false,"This email is a marketing promotion, not a verification message: it advertises a sale, includes a discount code, and urges the recipient to shop. The correct classification is promotions."
updates_1720,Service outage resolved,Our service will be unavailable during this window. Updates include bug fixes and new features.,Service outage resolved Our service will be unavailable during this window. Updates include bug fixes and new features.,verify_code,5,false,"The proposed category is incorrect because this email provides informational service status and product update details, not a verification code or authentication message. The correct classification is updates."
promotions_1554,FLASH SALE: 50% off tools,Your favorite items are back. Don't wait: example.com/2557 Use code FLASH60 for 40% off.,FLASH SALE: 50% off tools Your favorite items are back. Don't wait: example.com/2557 Use code FLASH60 for 40% off.,updates,4,false,"This email is promotional because it advertises a flash sale, discount code, and encourages a purchase. The correct classification is promotions, not updates."
updates_731,Data usage alert: 95% of monthly quota,2FA activated per your request. Learn: service.com/status.,Data usage alert: 95% of monthly quota 2FA activated per your request. Learn: service.com/status.,promotions,1,false,"This isn’t a promotion because it contains account-related notifications about data usage and a security setting change, not marketing or sales content. The correct classification is updates."
spam_1862,Refund confirmation #R-23948,Your package couldn't be delivered. Tracking# AB-123. Update now: phishing-site.com Do not ignore!,Refund confirmation #R-23948 Your package couldn't be delivered. Tracking# AB-123. Update now: phishing-site.com Do not ignore!,promotions,1,false,"This email is not a legitimate promotion; it uses a fake delivery/refund notice and urgent language to lure the recipient into clicking a link, which is a common phishing/spam tactic. The correct classification is spam."
spam_1736,Delivery Problem EF-789,"Immediate action required! Your subscription payment failed. Update payment: scam-delivery.com Or call ""support"": 555-0199.","Delivery Problem EF-789 Immediate action required! Your subscription payment failed. Update payment: scam-delivery.com Or call ""support"": 555-0199.",spam,3,true,This email is spam because it uses urgent language and a payment-failure scare tactic to push the recipient into clicking a link or calling a number. It appears unsolicited and resembles a phishing attempt rather than a legitimate delivery notice.
social_media_450,Birthday reminder: 8 friends this week,"See which article: social.com/posts/photo123 Comments: ""Thanks for sharing!"" Disable notifications: platform.com/notifications.","Birthday reminder: 8 friends this week See which article: social.com/posts/photo123 Comments: ""Thanks for sharing!"" Disable notifications: platform.com/notifications.",verify_code,5,false,"This email is not a verification code message because it contains no one-time code or login/authentication request. It is a social media notification, specifically a birthday reminder with post/comment activity and notification settings links."
social_media_2157,"23 new messages in ""Book Club"" chat","Sarah: ""Check this out"" David: ""Count me in!"" Reply: social.com/chats/hiking.","23 new messages in ""Book Club"" chat Sarah: ""Check this out"" David: ""Count me in!"" Reply: social.com/chats/hiking.",updates,4,false,"This email is a social_media notification because it alerts the user about new messages in a chat thread and includes participant activity. It should be classified as social_media, not updates, since it reflects social interaction rather than a general account or service update."
spam_1733,Missed delivery confirmation EF-789,See who messaged you on Microsoft! View now: phishing-site.com Special offer: 80% off membership.,Missed delivery confirmation EF-789 See who messaged you on Microsoft! View now: phishing-site.com Special offer: 80% off membership.,verify_code,5,false,"This is not a verification-code email because it contains no one-time code or login confirmation details. It is unsolicited promotional/clickbait content (“See who messaged you,” “80% off membership”), so the correct classification is spam."
promotions_1732,VIP Preview: New arrivals,"Hello valued member, enjoy Buy one get one free. Shop now: example.com/3736 Expires {date}.","VIP Preview: New arrivals Hello valued member, enjoy Buy one get one free. Shop now: example.com/3736 Expires {date}.",promotions,1,true,"This email is a marketing message promoting new arrivals and a buy-one-get-one-free offer, with a clear call to shop now. Its sales-focused content and promotional language make the promotions category correct."
forum_2015,Moderation notice: Community Guidelines update,User: CodeMaster report. forum.com/thread/123.,Moderation notice: Community Guidelines update User: CodeMaster report. forum.com/thread/123.,social_media,2,false,"This is not a social media notification; it’s a moderation notice tied to a specific discussion thread on example.com, which is characteristic of a forum platform. The correct classification is forum."
forum_1412,[Moderator] Your thread was processed,"Thread: ""Discussion 104"" started by PixelArtist. Settings: support.site/ticket/456.","[Moderator] Your thread was processed Thread: ""Discussion 104"" started by PixelArtist. Settings: support.site/ticket/456.",social_media,2,false,"This email is a forum notification about a thread being processed by a moderator, with a thread title and forum-style link, not a social media update. The correct classification is forum."
social_media_402,Your post got 8 new reactions,"""Great insight!"" View: social.com/events/event456 Reply or disable: social.com/settings.","Your post got 8 new reactions ""Great insight!"" View: social.com/events/event456 Reply or disable: social.com/settings.",social_media,2,true,"This email is a social notification about engagement on the user’s post, reporting new reactions and offering a link to view them. That matches the social_media category because it relates to activity and interactions on a social platform."
updates_654,Data usage alert: 95% of monthly quota,Our service will be unavailable during this window. Updates include security patches and performance improvements.,Data usage alert: 95% of monthly quota Our service will be unavailable during this window. Updates include security patches and performance improvements.,promotions,1,false,This email is not a promotion because it does not advertise or sell anything; it provides a service-related notice about availability and mentions security patches and performance improvements. The correct classification is updates.
updates_189,Extended Warranty Activated,Coverage for Product XZ-1000 extended to December 2027. Terms: support.site.com/warranty/WAR-5566. Includes accidental damage protection with $50 deductible.,Extended Warranty Activated Coverage for Product XZ-1000 extended to December 2027. Terms: support.site.com/warranty/WAR-5566. Includes accidental damage protection with $50 deductible.,updates,4,true,"This email confirms a change to an existing product warranty and provides updated coverage details and terms. It is an informational status update, not a new purchase, billing notice, or promotional message."
social_media_1113,John Smith mentioned you in a comment,"""You were at Grand Canyon with Alex"" - view album: social.com/albums/vacation2018.","John Smith mentioned you in a comment ""You were at Grand Canyon with Alex"" - view album: social.com/albums/vacation2018.",social_media,2,true,"This email is a social notification because it tells the recipient they were mentioned in a comment and links to a shared album. It reflects interaction on a social/photo-sharing platform rather than a transactional, promotional, or personal direct email."
promotions_2143,FLASH SALE: 80% off tools,Your favorite items are back. Don't wait: example.com/7659 Use code BIRTHDAY for 40% off.,FLASH SALE: 80% off tools Your favorite items are back. Don't wait: example.com/7659 Use code BIRTHDAY for 40% off.,promotions,1,true,"This email is clearly promotional because it advertises a flash sale, discount code, and encourages the recipient to shop discounted items. The content is marketing-focused rather than transactional, personal, or informational."
promotions_65,Professional Voice Actor Coaching,Animation/videogame techniques. First session free: vocalmastery.pro Demo reel critique.,Professional Voice Actor Coaching Animation/videogame techniques. First session free: vocalmastery.pro Demo reel critique.,spam,3,false,This email is not spam because it advertises a legitimate commercial service—voice actor coaching with a free first session and demo reel critique—rather than using deceptive or malicious tactics. The correct classification is promotions.
spam_1878,Your Netflix subscription suspended,Invoice INV-7892 for $1000 ready. View: phishing-site.com Dispute within 24hrshrs.,Your Netflix subscription suspended Invoice INV-7892 for $1000 ready. View: phishing-site.com Dispute within 24hrshrs.,spam,3,true,"This email is spam because it uses urgent billing language and a suspicious invoice claim to pressure the recipient into clicking a generic link. The vague sender context, unusually high charge, and awkward wording are common phishing/spam indicators."
updates_449,"Appointment reminder: Eye Exam, Dec 20 3-5AM GMT",Confirm/cancel: company.com/updates Address (same building).,"Appointment reminder: Eye Exam, Dec 20 3-5AM GMT Confirm/cancel: company.com/updates Address (same building).",updates,4,true,The proposed category 'updates' is correct because the email content matches the expected patterns of a updates message.
verify_code_1188,Access code: 417380,"Use 603613 as your verification code. Device: Safari on macOS. Location: Chicago, IL.","Access code: 417380 Use 603613 as your verification code. Device: Safari on macOS. Location: Chicago, IL.",promotions,1,false,This email is not promotional; it provides a one-time verification code for account access and includes device/location details for a login attempt. The correct classification is verify_code.
promotions_1249,Clearance madness: Up to 50% off clothing,"As our loyal customer, get exclusive $30 off $150+: example.com/7461 Offer code: VIP25.","Clearance madness: Up to 50% off clothing As our loyal customer, get exclusive $30 off $150+: example.com/7461 Offer code: VIP25.",verify_code,5,false,"This email is a marketing promotion offering discounts and a coupon code for clothing purchases, not a message asking the user to verify a code. The correct classification is promotions."
social_media_2205,Nearby: Tech Conference today 5PM,"""So inspiring!"" View: social.com/notifications Reply or disable: social.com/settings.","Nearby: Tech Conference today 5PM ""So inspiring!"" View: social.com/notifications Reply or disable: social.com/settings.",updates,4,false,"This email is a social media notification because it highlights a post (“So inspiring!”) and includes options to view, reply, or disable notifications, which are typical social platform interactions. The correct classification is social_media, not updates."
updates_127,Support Ticket Closed: #ST-7723,"""Email sync issue"" resolved. Reopen: supportportal.com/tickets/ST7723.","Support Ticket Closed: #ST-7723 ""Email sync issue"" resolved. Reopen: supportportal.com/tickets/ST7723.",updates,4,true,This email is a status notification that an existing support ticket has been resolved and closed. It provides an update on a prior issue rather than requesting action or starting a new conversation.
verify_code_711,Verification required: 467569,Use this code: 299932 to complete sign-in. Expires in 10 minutes.,Verification required: 467569 Use this code: 299932 to complete sign-in. Expires in 10 minutes.,promotions,1,false,This email is not promotional; it contains a one-time sign-in verification code and an expiration window. The correct classification is verify_code.
updates_834,Account summary: August statement ready,Our service will be unavailable during this window. Updates include bug fixes and new features.,Account summary: August statement ready Our service will be unavailable during this window. Updates include bug fixes and new features.,spam,3,false,"This is not spam because it provides legitimate service information, including an account statement notice and details about service availability, bug fixes, and new features. The correct classification is updates."
updates_1634,Policy update: Privacy Policy changes,We've updated our Terms of Service. Review changes: company.com/updates Effective Oct 5.,Policy update: Privacy Policy changes We've updated our Terms of Service. Review changes: company.com/updates Effective Oct 5.,spam,3,false,"This is not spam because it’s a legitimate informational notice about changes to the company’s Terms of Service and Privacy Policy. The correct classification is updates, since it announces policy changes and their effective date."
social_media_465,John Smith liked your story,"Group update: ""Tech Enthusiasts"" posted story. Trending in ""Remote Workers"": weekend plans.","John Smith liked your story Group update: ""Tech Enthusiasts"" posted story. Trending in ""Remote Workers"": weekend plans.",spam,3,false,This is not spam because it’s a legitimate notification about social activity—someone liked your story and there are group/trending updates. The correct classification is social_media.
spam_723,Free iPhone 15 Pro with survey!,Your package couldn't be delivered. Tracking# EF-789. Update now: phishing-site.com Do not ignore!,Free iPhone 15 Pro with survey! Your package couldn't be delivered. Tracking# EF-789. Update now: phishing-site.com Do not ignore!,spam,3,true,"This email is spam because it uses deceptive, urgent language about a failed delivery and a fake reward offer to trick the recipient into clicking a link. The mismatched claims and suspicious URL are common phishing/spam indicators."
forum_479,[ANSWERED] Your query in General Discussion,Revised rules effective immediately. Key changes: citation requirements for news posts. Review: wiki.site/page/789.,[ANSWERED] Your query in General Discussion Revised rules effective immediately. Key changes: citation requirements for news posts. Review: wiki.site/page/789.,verify_code,5,false,"This email is a forum/community update about a query in “General Discussion” and revised posting rules, not a message for verifying a code. The correct classification is forum."
spam_2025,Suspicious activity on Netflix account,Invoice INV-6789 for $500 ready. View: bit.ly/fakeprize Dispute within 2hrshrs.,Suspicious activity on Netflix account Invoice INV-6789 for $500 ready. View: bit.ly/fakeprize Dispute within 2hrshrs.,spam,3,true,"This email is spam because it uses a fake invoice and urgent language to pressure the recipient into clicking a suspicious shortened link. The vague sender context, unusually high charge, and “dispute within 2hrs” tactic are common phishing/spam indicators."
updates_698,Auto-payment failed for subscription,"ABC Airlines Main pool closed Aug 20-22 for maintenance, Oct 5, 2-4AM PST. {assignment} confirmed. Manage booking: banking.com/statements.","Auto-payment failed for subscription ABC Airlines Main pool closed Aug 20-22 for maintenance, Oct 5, 2-4AM PST. {assignment} confirmed. Manage booking: banking.com/statements.",updates,4,true,"This email provides informational updates about a pool maintenance closure and confirms an assignment, with a link to manage the booking. It does not request a direct reply or action beyond optional account management, so ""updates"" is the correct category."
spam_131,Microsoft Security Alert,Suspicious activity detected. Verify account: microsoft-security-verify.online Case#: MS-5521.,Microsoft Security Alert Suspicious activity detected. Verify account: microsoft-security-verify.online Case#: MS-5521.,spam,3,true,This email is spam because it uses a fake Microsoft security alert and a suspicious non-Microsoft domain to pressure the recipient into clicking a verification link. The urgent warning and generic case number are common phishing tactics.
spam_1959,Amazon: Password expiration,Invoice INV-7892 for $2500 ready. View: bit.ly/fakeprize Dispute within 6hrshrs.,Amazon: Password expiration Invoice INV-7892 for $2500 ready. View: bit.ly/fakeprize Dispute within 6hrshrs.,verify_code,5,false,"This is not a verify_code message because it does not provide a one-time code or ask the user to confirm a login; instead, it uses an invoice lure, urgency, and a suspicious shortened link. The correct classification is spam."
social_media_1939,Nearby: Webinar today 6PM,View profile: platform.com/users/sarah Accept/reject: social.com/friends/pending.,Nearby: Webinar today 6PM View profile: platform.com/users/sarah Accept/reject: social.com/friends/pending.,social_media,2,true,"This email is a social networking notification, highlighting a nearby webinar and prompting the user to view a profile or manage a friend request. Those profile and accept/reject links are typical social media platform activity, so the social_media category is correct."
promotions_2047,Last chance: Warehouse clearance,Discover {items}. Shop new styles: example.com/8292 Code WELCOME20 for extra 70% off.,Last chance: Warehouse clearance Discover {items}. Shop new styles: example.com/8292 Code WELCOME20 for extra 70% off.,updates,4,false,"This email is promotional because it advertises products, includes a shopping link, and offers a discount code for 70% off to drive purchases. The correct classification is promotions, not updates."
spam_1277,Inheritance claim from late relative,Invoice INV-6789 for $1000 ready. View: scam-delivery.com Dispute within 2hrshrs.,Inheritance claim from late relative Invoice INV-6789 for $1000 ready. View: scam-delivery.com Dispute within 2hrshrs.,verify_code,5,false,This is not a verify_code message because it contains no authentication or one-time passcode; instead it uses a deceptive financial lure and urgent payment/dispute language. The correct classification is spam.
updates_321,Policy update: Privacy Policy changes,Thank you! $156.50 payment applied to account. Receipt: service.com/status.,Policy update: Privacy Policy changes Thank you! $156.50 payment applied to account. Receipt: service.com/status.,spam,3,false,"This is not spam because it contains a legitimate account-related notification about a payment being applied and references a receipt/status link. The correct classification is updates, since it provides transactional information about the user’s account."
verify_code_717,Apple withdrawal auth: 983866,PIN 725084 required for account verification on GitHub.,Apple withdrawal auth: 983866 PIN 725084 required for account verification on GitHub.,updates,4,false,"This email contains a one-time PIN/code for account verification, which makes it a verify_code message, not a general updates email. The correct classification is verify_code because its primary purpose is to authenticate access."
spam_399,Suspicious activity on Facebook account,Invoice INV-6789 for $1000 ready. View: scam-delivery.com Dispute within 6hrshrs.,Suspicious activity on Facebook account Invoice INV-6789 for $1000 ready. View: scam-delivery.com Dispute within 6hrshrs.,spam,3,true,"This email is spam because it uses an alarming, misleading subject about Facebook account activity while the body contains an unrelated fake invoice and a suspicious link. The urgent language and mismatched content are common phishing/spam indicators."
updates_459,"Appointment reminder: Dentist, Sep 1 2-4AM PST",Yesterday's payment processing issue fixed. All systems operational. Apologies for inconvenience.,"Appointment reminder: Dentist, Sep 1 2-4AM PST Yesterday's payment processing issue fixed. All systems operational. Apologies for inconvenience.",verify_code,5,false,"This email is not a verification code message because it contains no one-time code or login/authentication request. It is a status/update notification about a resolved payment processing issue, so the correct classification is updates."
updates_1931,Important: Payment due date changed,Confirm/cancel: service.com/status Address (same building).,Important: Payment due date changed Confirm/cancel: service.com/status Address (same building).,updates,4,true,"The email communicates a change to the payment due date, which is a routine account or billing update rather than a promotional, personal, or transactional message requiring a new action. Even though it includes a confirm/cancel link, the main purpose is to inform the recipient of an update."
promotions_1142,FLASH SALE: 30% off home decor,Deal ends {time}! {items} at lowest prices. Shop now: example.com/3927 Use code: VIP25.,FLASH SALE: 30% off home decor Deal ends {time}! {items} at lowest prices. Shop now: example.com/3927 Use code: VIP25.,updates,4,false,"This email is promotional because it advertises a flash sale, discount code, and urges the recipient to shop now. The correct classification is promotions, not updates."
spam_2123,PayPal: Password expiration,"Dear Winner, Your email won $10000 in our annual lottery! Click here: phishing-site.com. Claim before 2hrs expire. Unsubscribe: remove@spam.com","PayPal: Password expiration Dear Winner, Your email won $10000 in our annual lottery! Click here: phishing-site.com. Claim before 2hrs expire. Unsubscribe: remove@spam.com",spam,3,true,The proposed category 'spam' is correct because the email content matches the expected patterns of a spam message.
verify_code_633,Verification required: 776979,"For login confirmation, enter: 995304. Do not share this number.","Verification required: 776979 For login confirmation, enter: 995304. Do not share this number.",verify_code,5,true,The email contains a one-time verification code for login confirmation and explicitly instructs the recipient not to share it. That matches the verify_code category.
verify_code_1533,Temporary security pass: 995304,"For login confirmation, enter: 528905. Do not share this number.","Temporary security pass: 995304 For login confirmation, enter: 528905. Do not share this number.",verify_code,5,true,This email provides a one-time security code for login confirmation and instructs the recipient not to share it. That matches the verify_code category.
updates_362,Security notice: Suspicious login blocked,Our service will be unavailable during this window. Updates include security patches and performance improvements.,Security notice: Suspicious login blocked Our service will be unavailable during this window. Updates include security patches and performance improvements.,promotions,1,false,This email is not promotional because it doesn’t advertise or sell anything; it provides a service/security notice about availability and system changes. The correct classification is updates.
forum_1096,Wiki Edit Approved: techsupport,report per report #5966. Details: support.site/ticket/456.,Wiki Edit Approved: techsupport report per report #5966. Details: support.site/ticket/456.,social_media,2,false,This is not social media content; it’s an automated notification about a wiki/forum-style edit approval tied to a report or ticket. The correct classification is forum.
forum_337,"New thread in ""Career Advice"" matches alert",Revised rules effective immediately. Key changes: citation requirements for news posts. Review: wiki.site/page/789.,"New thread in ""Career Advice"" matches alert Revised rules effective immediately. Key changes: citation requirements for news posts. Review: wiki.site/page/789.",forum,0,true,"This email is a forum notification because it alerts the recipient about a new thread in “Career Advice” that matches an alert. The body discusses updated posting rules and links to a page for review, which is typical of forum/community activity rather than personal or transactional email."
forum_955,Thread Locked: {reason},"Trending: ""linux"" (258 comments). View: forum.com/thread/123.","Thread Locked: {reason} Trending: ""linux"" (258 comments). View: forum.com/thread/123.",verify_code,5,false,"This email is a forum/community notification about a discussion thread being locked and links to a thread with comments, not a message containing or requesting a verification code. The correct classification is forum."
social_media_1747,New follower: Mike Chen,"Alex: ""Check this out"" Lisa: ""Amazing post!"" Reply: platform.com/messages/group.","New follower: Mike Chen Alex: ""Check this out"" Lisa: ""Amazing post!"" Reply: platform.com/messages/group.",promotions,1,false,"This email is a social media notification about a new follower and interactions on a post, not a marketing or sales message. The correct classification is social_media."
social_media_2242,Your post is featured on #FoodChallenge,"Your group ""Tech Enthusiasts"" is live streaming. Join: social.com/live/conference.","Your post is featured on #FoodChallenge Your group ""Tech Enthusiasts"" is live streaming. Join: social.com/live/conference.",social_media,2,true,"This email is a social media notification because it alerts the user about activity on a social platform, including a featured post and a group live stream. It is not transactional or promotional; its main purpose is to drive engagement with social content."
verify_code_1644,Two-step verification code: 555748,PIN 143774 required for transaction authorization on LinkedIn.,Two-step verification code: 555748 PIN 143774 required for transaction authorization on LinkedIn.,verify_code,5,true,"The email contains one-time PINs for two-step verification and transaction authorization, which are used to confirm identity or approve an action. That matches the verify_code category."
updates_82,Service Interruption: Network Outage,Some features temporarily unavailable. Estimated resolution: 2 hours. Status page: service.status.com.,Service Interruption: Network Outage Some features temporarily unavailable. Estimated resolution: 2 hours. Status page: service.status.com.,updates,4,true,"This email provides a service status notification about a temporary network outage and estimated resolution time. It is an informational operational update, so the updates category is appropriate."
promotions_176,Wine Club Exclusive: Rare Vintage Access,Limited allocation Burgundy Pinot Noir from boutique vineyard: wineclub.com/exclusive-access Code: VINORARE. Member-only pricing with complimentary tasting notes. Allocation released to public next month.,Wine Club Exclusive: Rare Vintage Access Limited allocation Burgundy Pinot Noir from boutique vineyard: wineclub.com/exclusive-access Code: VINORARE. Member-only pricing with complimentary tasting notes. Allocation released to public next month.,spam,3,false,"This email is not spam because it is a legitimate marketing offer for a wine club promotion, featuring member-only pricing, a discount code, and product access details. The correct classification is promotions."
social_media_137,Your Post Trending Locally,"""Park renovation idea"" - 120+ shares. Analytics: social.com/insights/post-3344.","Your Post Trending Locally ""Park renovation idea"" - 120+ shares. Analytics: social.com/insights/post-3344.",forum,0,false,"This email is a social media notification because it reports engagement on a post (“120+ shares”) and links to post analytics, which are typical social platform features. The correct classification is social_media, not forum."
forum_1209,AMA session: AI Researcher,post per report #9377. Details: forum.com/thread/123.,AMA session: AI Researcher post per report #9377. Details: forum.com/thread/123.,promotions,1,false,This is not a promotional email; it’s a forum-style post/update referencing a report and linking to a discussion thread. The correct classification is forum.
promotions_809,New arrivals: Fall fashion live,"As our loyal customer, get exclusive $60 off $50+: example.com/1107 Offer code: SAVE50.","New arrivals: Fall fashion live As our loyal customer, get exclusive $60 off $50+: example.com/1107 Offer code: SAVE50.",promotions,1,true,This email is a marketing message promoting new fall fashion arrivals and offering a discount code to encourage a purchase. Its sales-focused content and promotional offer clearly place it in the promotions category.
forum_531,"Your post was moved to ""Career Advice""",{event} starts {time}. Prepare: forum.com/thread/123.,"Your post was moved to ""Career Advice"" {event} starts {time}. Prepare: forum.com/thread/123.",promotions,1,false,"This is not a promotional message; it’s a forum notification about a post being moved to the ""Career Advice"" section, with a link to the discussion thread. The correct classification is forum."
forum_1581,Forum digest: techsupport discussions,User: TechGuru99 posted helpful solution. View: wiki.site/page/789.,Forum digest: techsupport discussions User: TechGuru99 posted helpful solution. View: wiki.site/page/789.,forum,0,true,"This email is a forum digest because it summarizes activity from a discussion forum, mentioning a user post and linking to the discussion thread. It is not a direct personal message or transactional notice, but a roundup of forum content."
